"Country","Count"
"Serbia and Montenegro","1229830000"
"United States","1071000000"
"Germany","18213800"
"United Kingdom","7952040"
"Brazil","1259367"
"France","1028510"
"Poland","887100"
"Indonesia","880784"
"Canada","842870"
"Australia","641800"
"Italy","632150"
"Spain","623940"
"Korea, Republic of","547688"
"Netherlands","541000"
"Switzerland","529110"
"Japan","411308"
"India","392078"
"Ireland","327805"
"Iran, Islamic Republic of","303210"
"China","297540"
"Turkey","296411"
"Russian Federation","286421"
"Belgium","270862"
"Finland","255875"
"Slovenia","247908"
"Sweden","228942"
"South Africa","215955"
"Argentina","199637"
"Colombia","192864"
"Singapore","181713"
"Ecuador","176788"
"Peru","162323"
"Mexico","145777"
"Denmark","139346"
"Hong Kong","136166"
"Ukraine","123296"
"Iraq","96850"
"Portugal","90191"
"Austria","87403"
"Lithuania","84848"
"Czech Republic","80924"
"Aruba","73342"
"New Zealand","70918"
"Norway","68546"
"Cuba","64370"
"Croatia (Hrvatska)","57770"
"Malaysia","54788"
"Hungary","54692"
"Greece","54355"
"Nigeria","48980"
"Costa Rica","45809"
"Bulgaria","44082"
"Chile","40179"
"Romania","38847"
"Pakistan","38073"
"Luxembourg","37851"
"Vietnam","37027"
"Thailand","35349"
"Armenia","34594"
"Philippines","29771"
"Saudi Arabia","29371"
"Qatar","26030"
"Kenya","22700"
"Somalia","22254"
"Egypt","22150"
"Iceland","21065"
"Nicaragua","20337"
"Venezuela","18944"
"Taiwan, Province of China","17085"
"Uganda","16208"
"Libyan Arab Jamahiriya","14923"
"Panama","14804"
"Madagascar","14207"
"Nepal","13638"
"Cyprus","13279"
"Rwanda","13122"
"Slovakia","12286"
"Algeria","11856"
"Uzbekistan","11296"
"Virgin Islands, U.S.","10865"
"Uruguay","9075"
"Israel","8850"
"Latvia","8702"
"Kazakhstan","8253"
"Ghana","7224"
"United Arab Emirates","7107"
"Ethiopia","6797"
"Estonia","6683"
"Bosnia and Herzegovina","5943"
"Lebanon","5880"
"Bangladesh","5873"
"Azerbaijan","5816"
"Bolivia","5707"
"Malta","4958"
"Macedonia, the Former Yugosalv Republic of","4359"
"Tanzania, United Republic of","4305"
"Bhutan","4242"
"Zambia","4129"
"Cambodia","4096"
"Sri Lanka","3884"
"Moldova, Republic of","3863"
"Georgia","3807"
"Syrian Arab Republic","3794"
"Oman","3613"
"Jordan","3508"
"Yemen","3438"
"Paraguay","3166"
"Morocco","1999"
"Guatemala","1937"
"Zimbabwe","1617"
"Afghanistan","1591"
"El Salvador","1591"
"Virgin Islands, British","1577"
"Belarus","1568"
"Benin","1260"
"Malawi","1240"
"Tunisia","1156"
"Dominican Republic","1091"
"Albania","1083"
"Palestinian Territory","1070"
"Angola","957"
"Brunei Darussalam","944"
"Faroe Islands","765"
"Fiji","720"
"Namibia","708"
"Puerto Rico","693"
"Tajikistan","665"
"Mozambique","518"
"Botswana","464"
"Kyrgyzstan","420"
"Haiti","387"
"Bahrain","357"
"Cameroon","342"
"Burkina Faso","339"
"Trinidad and Tobago","301"
"Honduras","300"
"Samoa","296"
"Reunion","295"
"Lesotho","288"
"Kuwait","271"
"Mongolia","241"
"Jamaica","241"
"Sierra Leone","226"
"Sudan","221"
"Myanmar","220"
"Macao","196"
"Maldives","187"
"Tonga","170"
"Senegal","163"
"Sao Tome and Principe","156"
"New Caledonia","153"
"Congo","148"
"Liechtenstein","146"
"Papua New Guinea","132"
"Mauritius","132"
"Saint Helena","112"
"Mauritania","96"
"Chad","86"
"Holy See (Vatican City State)","84"
"Saint Pierre and Miquelon","79"
"San Marino","76"
"Guyana","73"
"Cook Islands","71"
"Congo, the Democratic Republic of the","66"
"Cote D'ivoire","55"
"Greenland","52"
"American Samoa","51"
"Cape Verde","45"
"Gambia","38"
"Turkmenistan","34"
"French Polynesia","30"
"Burundi","28"
"Christmas Island","26"
"Togo","26"
"Suriname","24"
"Mali","24"
"Saint Vincent and the Grenadines","23"
"Barbados","23"
"Antigua and Barbuda","22"
"Wallis and Futuna","22"
"Bahamas","21"
"Gibraltar","20"
"Andorra","20"
"Falkland Islands (Malvinas)","20"
"Bermuda","19"
"Djibouti","19"
"Grenada","18"
"Monaco","18"
"Vanuatu","17"
"Lao People's Democratic Republic","16"
"Saint Lucia","16"
"Niger","15"
"Guinea-Bissau","15"
"Norfolk Island","14"
"Cayman Islands","14"
"Palau","14"
"Swaziland","12"
"Belize","12"
"Solomon Islands","12"
"Micronesia, Federated States of","10"
"South Georgia and the South Sandwich Islands","10"
"Kiribati","9"
"Seychelles","9"
"Antarctica","7"
"Martinique","7"
"Saint Kitts and Nevis","6"
"Turks and Caicos Islands","6"
"Liberia","6"
"Northern Mariana Islands","5"
"Eritrea","3"
"French Southern Territories","3"
"Niue","3"
"Tuvalu","3"
"Nauru","2"
"French Guiana","2"
"Heard Island and Mcdonald Islands","2"
"Guinea","1"
"Dominica","1"
"Bouvet Island","0"
"Svalbard and Jan Mayen","0"
"Yugoslavia","0"
"Montserrat","0"
"Western Sahara","0"
"Gabon","0"
"Korea, Democratic People's Republic of","0"
"Anguilla","0"
"Guam","0"
"Comoros","0"
"Mayotte","0"
"Equatorial Guinea","0"
"United States Minor Outlying Islands","0"
"Marshall Islands","0"
"Netherlands Antilles","0"
"Pitcairn","0"
"Cocos (Keeling) Islands","0"
"European Union","0"
"France, Metropolitan","0"
"British Indian Ocean Territory","0"
"East Timor","0"
"Central African Republic","0"
"Tokelau","0"
"Guadeloupe","0"
