"Language","Count"
"English","1231060000"
"Spanish","20202900"
"French","17790700"
"German","17331600"
"Indonesian","10924020"
"Portuguese","4833600"
"Russian","1445700"
"Italian","1007900"
"Turkish","940140"
"Polish","865400"
"Japanese","822710"
"Slovenian","670150"
"Chinese (Simplified)","415370"
"Korean","398100"
"Dutch","396820"
"Czech","323680"
"Serbian","306680"
"Norwegian","242660"
"Catalan","232350"
"Swedish","229690"
"Danish","223095"
"Croatian","220950"
"Finnish","217480"
"Arabic","176070"
"Greek","134780"
"Lithuanian","131085"
"Hebrew","124518"
"Romanian","122310"
"Latvian","122029"
"Hungarian","114750"
"Slovak","113760"
"Chinese (Traditional)","105903"
"Icelandic","65073"
"Bulgarian","62477"
"Estonian","53500"
