"Data_source","CC0_records","CC0_records_with_CC0_media","Total_objects","CC0_without_media_percentage","CC0_with_media_percentage","Others_percentage"
"Anacostia Community Museum Archives","32078","247","94895","33.54","0.26","66.2"
"Archives Center, National Museum of American History","682740","0","730474","93.47","0.0","6.53"
"Archives of American Art","482923","0","5214037","9.26","0.0","90.74"
"Archives of American Gardens","63004","0","69211","91.03","0.0","8.97"
"Catalog of American Portraits","16188","14657","170805","0.9","8.58","90.52"
"Cooper Hewitt, Smithsonian Design Museum","58641","54628","506905","0.79","10.78","88.43"
"Eliot Elisofon Photographic Archives, National Museum of African Art","128454","0","128454","100.0","0.0","0.0"
"Hirshhorn Museum and Sculpture Garden","449","449","25566","0.0","1.76","98.24"
"Human Studies Film Archives","8481","0","8780","96.59","0.0","3.41"
"NMNH - Anthropology Dept.","529659","0","529659","100.0","0.0","0.0"
"NMNH - Botany Dept.","4588165","3588511","4588165","21.79","78.21","0.0"
"NMNH - Education & Outreach","6977","4077","6977","41.57","58.43","0.0"
"NMNH - Entomology Dept.","810927","224086","810927","72.37","27.63","0.0"
"NMNH - Invertebrate Zoology Dept.","2029189","70728","2029189","96.51","3.49","0.0"
"NMNH - Mineral Sciences Dept.","465699","11311","465699","97.57","2.43","0.0"
"NMNH - Paleobiology Dept.","746241","97303","746241","86.96","13.04","0.0"
"NMNH - Vertebrate Zoology - Birds Division","635449","559123","635449","12.01","87.99","0.0"
"NMNH - Vertebrate Zoology - Fishes Division","503508","10821","503508","97.85","2.15","0.0"
"NMNH - Vertebrate Zoology - Herpetology Division","632086","2526","632086","99.6","0.4","0.0"
"NMNH - Vertebrate Zoology - Mammals Division","626278","545634","630454","12.79","86.55","0.66"
"National Air and Space Museum Archives","496337","999","2590778","19.12","0.04","80.84"
"National Anthropological Archives","246820","0","258203","95.59","0.0","4.41"
"National Museum of African American History and Culture","38159","4659","4415452","0.76","0.11","99.14"
"National Museum of African Art","113","113","129102","0.0","0.09","99.91"
"National Museum of American History","1318593","12221","2933805","44.53","0.42","55.06"
"National Museum of Asian Art","47597","14095","4741015","0.71","0.3","99.0"
"National Museum of Asian Art Archives","36844","0","36844","100.0","0.0","0.0"
"National Museum of the American Indian","304973","180","462520","65.9","0.04","34.06"
"National Postal Museum","13296","8579","136135","3.46","6.3","90.23"
"National Postal Museum Archives","1816","0","1816","100.0","0.0","0.0"
"National Zoo","1061","1061","5957","0.0","17.81","82.19"
"Photograph Study Collection, Smithsonian American Art Museum","17271","12996","363102","1.18","3.58","95.24"
"Ralph Rinzler Folklife Archives and Collections","97644","0","98665","98.97","0.0","1.03"
"Smithsonian American Art Museum, Research and Scholars Center","410","0","410","100.0","0.0","0.0"
"Smithsonian Field Book Project","1517","37","11248","13.16","0.33","86.51"
"Smithsonian Gardens","24044","5278","26418","71.03","19.98","8.99"
"Smithsonian Institution Archives","899104","5477","1558769","57.33","0.35","42.32"
"Smithsonian Libraries","1134740","13567","1294340","86.62","1.05","12.33"
"Smithsonian Libraries and Archives","104811","0","104811","100.0","0.0","0.0"
