"TOOL_IDENTIFIER","YEAR","COUNT"
"CC BY 3.0","2008","3"
"CC BY 3.0","2009","871"
"CC BY 3.0","2010","560"
"CC BY 3.0","2011","625"
"CC BY 3.0","2012","880"
"CC BY 3.0","2013","1152"
"CC BY 3.0","2014","1345"
"CC BY 3.0","2015","1783"
"CC BY 3.0","2016","267"
"CC BY 3.0","2017","71"
"CC BY 3.0","2018","43"
"CC BY 3.0","2019","113"
"CC BY 3.0","2020","15"
"CC BY 3.0","2021","7"
"CC BY 3.0","2022","7"
"CC BY 3.0","2023","12"
"CC BY 3.0","2024","6"
"CC BY 3.0","2025","3"
"CC BY 3.0","2026","149"
"CC BY 4.0","2015","563"
"CC BY 4.0","2016","1482"
"CC BY 4.0","2017","2033"
"CC BY 4.0","2018","3831"
"CC BY 4.0","2019","5008"
"CC BY 4.0","2020","10643"
"CC BY 4.0","2021","47994"
"CC BY 4.0","2022","63488"
"CC BY 4.0","2023","77976"
"CC BY 4.0","2024","96517"
"CC BY 4.0","2025","130964"
"CC BY 4.0","2026","113127"
"CC BY-NC-ND 4.0","2020","769"
"CC BY-NC-ND 4.0","2021","9039"
"CC BY-NC-ND 4.0","2022","10738"
"CC BY-NC-ND 4.0","2023","12715"
"CC BY-NC-ND 4.0","2024","16460"
"CC BY-NC-ND 4.0","2025","20554"
"CC BY-NC-ND 4.0","2026","15404"
"CC BY-NC-SA 3.0","2008","29"
"CC BY-NC-SA 3.0","2009","628"
"CC BY-NC-SA 3.0","2010","683"
"CC BY-NC-SA 3.0","2011","533"
"CC BY-NC-SA 3.0","2012","636"
"CC BY-NC-SA 3.0","2013","819"
"CC BY-NC-SA 3.0","2014","967"
"CC BY-NC-SA 3.0","2015","1137"
"CC BY-NC-SA 3.0","2016","113"
"CC BY-NC-SA 3.0","2017","37"
"CC BY-NC-SA 3.0","2018","27"
"CC BY-NC-SA 3.0","2019","71"
"CC BY-NC-SA 3.0","2020","13"
"CC BY-NC-SA 3.0","2021","16"
"CC BY-NC-SA 3.0","2022","9"
"CC BY-NC-SA 3.0","2023","13"
"CC BY-NC-SA 3.0","2024","3"
"CC BY-NC-SA 3.0","2025","1"
"CC BY-NC-SA 3.0","2026","138"
"CC BY-NC-SA 4.0","2015","334"
"CC BY-NC-SA 4.0","2016","813"
"CC BY-NC-SA 4.0","2017","776"
"CC BY-NC-SA 4.0","2018","1529"
"CC BY-NC-SA 4.0","2019","2063"
"CC BY-NC-SA 4.0","2020","3100"
"CC BY-NC-SA 4.0","2021","5545"
"CC BY-NC-SA 4.0","2022","6519"
"CC BY-NC-SA 4.0","2023","8160"
"CC BY-NC-SA 4.0","2024","10719"
"CC BY-NC-SA 4.0","2025","13881"
"CC BY-NC-SA 4.0","2026","10409"
"CC BY-SA 4.0","2015","99"
"CC BY-SA 4.0","2016","297"
"CC BY-SA 4.0","2017","296"
"CC BY-SA 4.0","2018","526"
"CC BY-SA 4.0","2019","695"
"CC BY-SA 4.0","2020","1031"
"CC BY-SA 4.0","2021","2564"
"CC BY-SA 4.0","2022","3129"
"CC BY-SA 4.0","2023","3882"
"CC BY-SA 4.0","2024","5193"
"CC BY-SA 4.0","2025","6633"
"CC BY-SA 4.0","2026","5097"
"CC0 1.0","2015","137"
"CC0 1.0","2016","361"
"CC0 1.0","2017","373"
"CC0 1.0","2018","624"
"CC0 1.0","2019","753"
"CC0 1.0","2020","1120"
"CC0 1.0","2021","2405"
"CC0 1.0","2022","2708"
"CC0 1.0","2023","2987"
"CC0 1.0","2024","3288"
"CC0 1.0","2025","3712"
"CC0 1.0","2026","2648"
