"PLAN_INDEX","TOOL_IDENTIFIER","LANGUAGE","COUNT"
"641","CC BY 4.0","Arabic","61100"
"642","CC BY 4.0","Bulgarian","21200"
"643","CC BY 4.0","Catalan","110000"
"644","CC BY 4.0","Chinese (Simplified)","196000"
"645","CC BY 4.0","Chinese (Traditional)","42600"
"646","CC BY 4.0","Croatian","69700"
"647","CC BY 4.0","Czech","139000"
"648","CC BY 4.0","Danish","95800"
"649","CC BY 4.0","Dutch","112000"
"650","CC BY 4.0","English","385000000"
"651","CC BY 4.0","Estonian","15200"
"652","CC BY 4.0","Finnish","84100"
"653","CC BY 4.0","French","4040000"
"654","CC BY 4.0","German","7030000"
"655","CC BY 4.0","Greek","42700"
"656","CC BY 4.0","Hebrew","48100"
"657","CC BY 4.0","Hungarian","42100"
"658","CC BY 4.0","Icelandic","23200"
"659","CC BY 4.0","Indonesian","5540000"
"660","CC BY 4.0","Italian","321000"
"661","CC BY 4.0","Japanese","286000"
"662","CC BY 4.0","Korean","130000"
"663","CC BY 4.0","Latvian","52300"
"664","CC BY 4.0","Lithuanian","57000"
"665","CC BY 4.0","Norwegian","96500"
"666","CC BY 4.0","Polish","279000"
"667","CC BY 4.0","Portuguese","2710000"
"668","CC BY 4.0","Romanian","37900"
"669","CC BY 4.0","Russian","748000"
"670","CC BY 4.0","Serbian","102000"
"671","CC BY 4.0","Slovak","38100"
"672","CC BY 4.0","Slovenian","158000"
"673","CC BY 4.0","Spanish","7850000"
"674","CC BY 4.0","Swedish","81100"
"675","CC BY 4.0","Turkish","225000"
"676","CC BY-NC 4.0","Arabic","8120"
"677","CC BY-NC 4.0","Bulgarian","811"
"678","CC BY-NC 4.0","Catalan","11500"
"679","CC BY-NC 4.0","Chinese (Simplified)","31200"
"680","CC BY-NC 4.0","Chinese (Traditional)","3000"
"681","CC BY-NC 4.0","Croatian","9180"
"682","CC BY-NC 4.0","Czech","9230"
"683","CC BY-NC 4.0","Danish","3360"
"684","CC BY-NC 4.0","Dutch","15200"
"685","CC BY-NC 4.0","English","140000000"
"686","CC BY-NC 4.0","Estonian","3890"
"687","CC BY-NC 4.0","Finnish","9150"
"688","CC BY-NC 4.0","French","3790000"
"689","CC BY-NC 4.0","German","76500"
"690","CC BY-NC 4.0","Greek","9600"
"691","CC BY-NC 4.0","Hebrew","2590"
"692","CC BY-NC 4.0","Hungarian","3110"
"693","CC BY-NC 4.0","Icelandic","7170"
"694","CC BY-NC 4.0","Indonesian","113000"
"695","CC BY-NC 4.0","Italian","25100"
"696","CC BY-NC 4.0","Japanese","14600"
"697","CC BY-NC 4.0","Korean","40000"
"698","CC BY-NC 4.0","Latvian","13100"
"699","CC BY-NC 4.0","Lithuanian","2830"
"700","CC BY-NC 4.0","Norwegian","4620"
"701","CC BY-NC 4.0","Polish","47400"
"702","CC BY-NC 4.0","Portuguese","364000"
"703","CC BY-NC 4.0","Romanian","2960"
"704","CC BY-NC 4.0","Russian","28800"
"705","CC BY-NC 4.0","Serbian","4260"
"706","CC BY-NC 4.0","Slovak","2420"
"707","CC BY-NC 4.0","Slovenian","72300"
"708","CC BY-NC 4.0","Spanish","597000"
"709","CC BY-NC 4.0","Swedish","3900"
"710","CC BY-NC 4.0","Turkish","121000"
"711","CC BY-NC-ND 4.0","Arabic","8070"
"712","CC BY-NC-ND 4.0","Bulgarian","778"
"713","CC BY-NC-ND 4.0","Catalan","9980"
"714","CC BY-NC-ND 4.0","Chinese (Simplified)","30800"
"715","CC BY-NC-ND 4.0","Chinese (Traditional)","1750"
"716","CC BY-NC-ND 4.0","Croatian","8990"
"717","CC BY-NC-ND 4.0","Czech","6330"
"718","CC BY-NC-ND 4.0","Danish","2940"
"719","CC BY-NC-ND 4.0","Dutch","14100"
"720","CC BY-NC-ND 4.0","English","129000000"
"721","CC BY-NC-ND 4.0","Estonian","3190"
"722","CC BY-NC-ND 4.0","Finnish","8690"
"723","CC BY-NC-ND 4.0","French","3520000"
"724","CC BY-NC-ND 4.0","German","66100"
"725","CC BY-NC-ND 4.0","Greek","9300"
"726","CC BY-NC-ND 4.0","Hebrew","3610"
"727","CC BY-NC-ND 4.0","Hungarian","2020"
"728","CC BY-NC-ND 4.0","Icelandic","5650"
"729","CC BY-NC-ND 4.0","Indonesian","111000"
"730","CC BY-NC-ND 4.0","Italian","23800"
"731","CC BY-NC-ND 4.0","Japanese","22600"
"732","CC BY-NC-ND 4.0","Korean","38800"
"733","CC BY-NC-ND 4.0","Latvian","7220"
"734","CC BY-NC-ND 4.0","Lithuanian","2990"
"735","CC BY-NC-ND 4.0","Norwegian","4640"
"736","CC BY-NC-ND 4.0","Polish","47800"
"737","CC BY-NC-ND 4.0","Portuguese","330000"
"738","CC BY-NC-ND 4.0","Romanian","3050"
"739","CC BY-NC-ND 4.0","Russian","27600"
"740","CC BY-NC-ND 4.0","Serbian","3670"
"741","CC BY-NC-ND 4.0","Slovak","1890"
"742","CC BY-NC-ND 4.0","Slovenian","73700"
"743","CC BY-NC-ND 4.0","Spanish","490000"
"744","CC BY-NC-ND 4.0","Swedish","4380"
"745","CC BY-NC-ND 4.0","Turkish","110000"
"746","CC BY-NC-SA 4.0","Arabic","2700"
"747","CC BY-NC-SA 4.0","Bulgarian","618"
"748","CC BY-NC-SA 4.0","Catalan","2120"
"749","CC BY-NC-SA 4.0","Chinese (Simplified)","8870"
"750","CC BY-NC-SA 4.0","Chinese (Traditional)","583"
"751","CC BY-NC-SA 4.0","Croatian","9630"
"752","CC BY-NC-SA 4.0","Czech","2220"
"753","CC BY-NC-SA 4.0","Danish","635"
"754","CC BY-NC-SA 4.0","Dutch","2520"
"755","CC BY-NC-SA 4.0","English","49200000"
"756","CC BY-NC-SA 4.0","Estonian","3060"
"757","CC BY-NC-SA 4.0","Finnish","3080"
"758","CC BY-NC-SA 4.0","French","2800000"
"759","CC BY-NC-SA 4.0","German","34900"
"760","CC BY-NC-SA 4.0","Greek","4870"
"761","CC BY-NC-SA 4.0","Hebrew","528"
"762","CC BY-NC-SA 4.0","Hungarian","1890"
"763","CC BY-NC-SA 4.0","Icelandic","2390"
"764","CC BY-NC-SA 4.0","Indonesian","64600"
"765","CC BY-NC-SA 4.0","Italian","25900"
"766","CC BY-NC-SA 4.0","Japanese","6510"
"767","CC BY-NC-SA 4.0","Korean","10900"
"768","CC BY-NC-SA 4.0","Latvian","3850"
"769","CC BY-NC-SA 4.0","Lithuanian","545"
"770","CC BY-NC-SA 4.0","Norwegian","1960"
"771","CC BY-NC-SA 4.0","Polish","40900"
"772","CC BY-NC-SA 4.0","Portuguese","302000"
"773","CC BY-NC-SA 4.0","Romanian","2640"
"774","CC BY-NC-SA 4.0","Russian","10200"
"775","CC BY-NC-SA 4.0","Serbian","4090"
"776","CC BY-NC-SA 4.0","Slovak","2510"
"777","CC BY-NC-SA 4.0","Slovenian","72100"
"778","CC BY-NC-SA 4.0","Spanish","364000"
"779","CC BY-NC-SA 4.0","Swedish","1430"
"780","CC BY-NC-SA 4.0","Turkish","108000"
"781","CC BY-ND 4.0","Arabic","52600"
"782","CC BY-ND 4.0","Bulgarian","16200"
"783","CC BY-ND 4.0","Catalan","56400"
"784","CC BY-ND 4.0","Chinese (Simplified)","35500"
"785","CC BY-ND 4.0","Chinese (Traditional)","33300"
"786","CC BY-ND 4.0","Croatian","45700"
"787","CC BY-ND 4.0","Czech","60500"
"788","CC BY-ND 4.0","Danish","55800"
"789","CC BY-ND 4.0","Dutch","101000"
"790","CC BY-ND 4.0","English","362000000"
"791","CC BY-ND 4.0","Estonian","11400"
"792","CC BY-ND 4.0","Finnish","59800"
"793","CC BY-ND 4.0","French","337000"
"794","CC BY-ND 4.0","German","3810000"
"795","CC BY-ND 4.0","Greek","35300"
"796","CC BY-ND 4.0","Hebrew","44900"
"797","CC BY-ND 4.0","Hungarian","26900"
"798","CC BY-ND 4.0","Icelandic","15000"
"799","CC BY-ND 4.0","Indonesian","4710000"
"800","CC BY-ND 4.0","Italian","204000"
"801","CC BY-ND 4.0","Japanese","286000"
"802","CC BY-ND 4.0","Korean","96100"
"803","CC BY-ND 4.0","Latvian","24800"
"804","CC BY-ND 4.0","Lithuanian","38200"
"805","CC BY-ND 4.0","Norwegian","65400"
"806","CC BY-ND 4.0","Polish","173000"
"807","CC BY-ND 4.0","Portuguese","479000"
"808","CC BY-ND 4.0","Romanian","27500"
"809","CC BY-ND 4.0","Russian","340000"
"810","CC BY-ND 4.0","Serbian","60900"
"811","CC BY-ND 4.0","Slovak","24500"
"812","CC BY-ND 4.0","Slovenian","141000"
"813","CC BY-ND 4.0","Spanish","4160000"
"814","CC BY-ND 4.0","Swedish","53300"
"815","CC BY-ND 4.0","Turkish","178000"
"816","CC BY-SA 4.0","Arabic","27200"
"817","CC BY-SA 4.0","Bulgarian","18300"
"818","CC BY-SA 4.0","Catalan","31500"
"819","CC BY-SA 4.0","Chinese (Simplified)","71300"
"820","CC BY-SA 4.0","Chinese (Traditional)","15400"
"821","CC BY-SA 4.0","Croatian","69700"
"822","CC BY-SA 4.0","Czech","81400"
"823","CC BY-SA 4.0","Danish","39100"
"824","CC BY-SA 4.0","Dutch","70900"
"825","CC BY-SA 4.0","English","141000000"
"826","CC BY-SA 4.0","Estonian","10600"
"827","CC BY-SA 4.0","Finnish","30400"
"828","CC BY-SA 4.0","French","3170000"
"829","CC BY-SA 4.0","German","6170000"
"830","CC BY-SA 4.0","Greek","24400"
"831","CC BY-SA 4.0","Hebrew","18400"
"832","CC BY-SA 4.0","Hungarian","31000"
"833","CC BY-SA 4.0","Icelandic","9260"
"834","CC BY-SA 4.0","Indonesian","371000"
"835","CC BY-SA 4.0","Italian","319000"
"836","CC BY-SA 4.0","Japanese","165000"
"837","CC BY-SA 4.0","Korean","66100"
"838","CC BY-SA 4.0","Latvian","15000"
"839","CC BY-SA 4.0","Lithuanian","19100"
"840","CC BY-SA 4.0","Norwegian","59800"
"841","CC BY-SA 4.0","Polish","241000"
"842","CC BY-SA 4.0","Portuguese","596000"
"843","CC BY-SA 4.0","Romanian","34900"
"844","CC BY-SA 4.0","Russian","208000"
"845","CC BY-SA 4.0","Serbian","96500"
"846","CC BY-SA 4.0","Slovak","36600"
"847","CC BY-SA 4.0","Slovenian","149000"
"848","CC BY-SA 4.0","Spanish","6600000"
"849","CC BY-SA 4.0","Swedish","53600"
"850","CC BY-SA 4.0","Turkish","176000"
"851","PDM 1.0","Arabic","6580"
"852","PDM 1.0","Bulgarian","1120"
"853","PDM 1.0","Catalan","4880"
"854","PDM 1.0","Chinese (Simplified)","19100"
"855","PDM 1.0","Chinese (Traditional)","3530"
"856","PDM 1.0","Croatian","2270"
"857","PDM 1.0","Czech","10600"
"858","PDM 1.0","Danish","4860"
"859","PDM 1.0","Dutch","28400"
"860","PDM 1.0","English","6760000"
"861","PDM 1.0","Estonian","2540"
"862","PDM 1.0","Finnish","4060"
"863","PDM 1.0","French","64600"
"864","PDM 1.0","German","56900"
"865","PDM 1.0","Greek","2810"
"866","PDM 1.0","Hebrew","2330"
"867","PDM 1.0","Hungarian","3150"
"868","PDM 1.0","Icelandic","363"
"869","PDM 1.0","Indonesian","5220"
"870","PDM 1.0","Italian","36500"
"871","PDM 1.0","Japanese","19700"
"872","PDM 1.0","Korean","7370"
"873","PDM 1.0","Latvian","579"
"874","PDM 1.0","Lithuanian","1780"
"875","PDM 1.0","Norwegian","3580"
"876","PDM 1.0","Polish","13900"
"877","PDM 1.0","Portuguese","21100"
"878","PDM 1.0","Romanian","3480"
"879","PDM 1.0","Russian","20100"
"880","PDM 1.0","Serbian","2860"
"881","PDM 1.0","Slovak","2320"
"882","PDM 1.0","Slovenian","1250"
"883","PDM 1.0","Spanish","51500"
"884","PDM 1.0","Swedish","6980"
"885","PDM 1.0","Turkish","6040"
"886","CC0 1.0","Arabic","9700"
"887","CC0 1.0","Bulgarian","3450"
"888","CC0 1.0","Catalan","5970"
"889","CC0 1.0","Chinese (Simplified)","22600"
"890","CC0 1.0","Chinese (Traditional)","5740"
"891","CC0 1.0","Croatian","5780"
"892","CC0 1.0","Czech","14400"
"893","CC0 1.0","Danish","20600"
"894","CC0 1.0","Dutch","52700"
"895","CC0 1.0","English","18100000"
"896","CC0 1.0","Estonian","3620"
"897","CC0 1.0","Finnish","18200"
"898","CC0 1.0","French","69100"
"899","CC0 1.0","German","87200"
"900","CC0 1.0","Greek","5800"
"901","CC0 1.0","Hebrew","4060"
"902","CC0 1.0","Hungarian","4580"
"903","CC0 1.0","Icelandic","2040"
"904","CC0 1.0","Indonesian","9200"
"905","CC0 1.0","Italian","52600"
"906","CC0 1.0","Japanese","22300"
"907","CC0 1.0","Korean","8830"
"908","CC0 1.0","Latvian","5180"
"909","CC0 1.0","Lithuanian","8640"
"910","CC0 1.0","Norwegian","6160"
"911","CC0 1.0","Polish","22400"
"912","CC0 1.0","Portuguese","31500"
"913","CC0 1.0","Romanian","9880"
"914","CC0 1.0","Russian","63000"
"915","CC0 1.0","Serbian","32400"
"916","CC0 1.0","Slovak","5420"
"917","CC0 1.0","Slovenian","2800"
"918","CC0 1.0","Spanish","90400"
"919","CC0 1.0","Swedish","25000"
"920","CC0 1.0","Turkish","16100"
