"LANGUAGE_CODE","LANGUAGE_NAME_EN","LANGUAGE_NAME","COUNT"
"ab","Abkhazian","аԥсшәа","6599"
"ace","Acehnese","Acèh","13070"
"ady","Adyghe","адыгабзэ","646"
"af","Afrikaans","Afrikaans","129629"
"alt","Southern Altai","алтай тил","1110"
"am","Amharic","አማርኛ","15701"
"ami","Amis","Pangcah","1150"
"an","Aragonese","aragonés","81520"
"ang","Old English","Ænglisc","5215"
"ann","Obolo","Obolo","435"
"anp","Angika","अंगिका","1686"
"ar","Arabic","العربية","1322296"
"arc","Aramaic","ܐܪܡܝܐ","1920"
"ary","Moroccan Arabic","الدارجة","19125"
"arz","Egyptian Arabic","مصرى","1632212"
"as","Assamese","অসমীয়া","24553"
"ast","Asturian","asturianu","139129"
"atj","Atikamekw","Atikamekw","2080"
"av","Avaric","авар","4016"
"avk","Kotava","Kotava","29900"
"awa","Awadhi","अवधी","2850"
"ay","Aymara","Aymar aru","5285"
"az","Azerbaijani","azərbaycanca","215688"
"azb","South Azerbaijani","تۆرکجه","244684"
"ba","Bashkir","башҡортса","64288"
"ban","Balinese","Basa Bali","37972"
"bar","Bavarian","Boarisch","27230"
"bbc","Batak Toba","Batak Toba","1431"
"bcl","Central Bikol","Bikol Central","22327"
"bdr","West Coast Bajau","Bajau Sama","242"
"be","Belarusian","беларуская","264474"
"be-tarask","Belarusian (Taraškievica orthography)","беларуская (тарашкевіца)","91095"
"bew","Betawi","Betawi","3332"
"bg","Bulgarian","български","311000"
"bh","Bhojpuri","भोजपुरी","9097"
"bi","Bislama","Bislama","1486"
"bjn","Banjar","Banjar","11966"
"blk","Pa'O","ပအိုဝ်ႏဘာႏသာႏ","3071"
"bm","Bambara","bamanankan","931"
"bn","Bangla","বাংলা","188798"
"bo","Tibetan","བོད་ཡིག","8071"
"bpy","Bishnupriya","বিষ্ণুপ্রিয়া মণিপুরী","25096"
"br","Breton","brezhoneg","91409"
"bs","Bosnian","bosanski","98389"
"btm","Batak Mandailing","Batak Mandailing","1229"
"bug","Buginese","Basa Ugi","15961"
"bxr","Russia Buriat","буряад","2918"
"ca","Catalan","català","796400"
"cbk-zam","Chavacano","Chavacano de Zamboanga","3103"
"cdo","Mindong","閩東語 / Mìng-dĕ̤ng-ngṳ̄","16722"
"ce","Chechen","нохчийн","866369"
"ceb","Cebuano","Cebuano","6115345"
"ch","Chamorro","Chamoru","582"
"cho","Choctaw","Chahta anumpa","6"
"chr","Cherokee","ᏣᎳᎩ","1002"
"chy","Cheyenne","Tsetsêhestâhese","1858"
"ckb","Central Kurdish","کوردی","82167"
"co","Corsican","corsu","9224"
"crh","Crimean Tatar","qırımtatarca","29714"
"cs","Czech","čeština","594457"
"csb","Kashubian","kaszëbsczi","5628"
"cu","Church Slavic","словѣньскъ / ⰔⰎⰑⰂⰡⰐⰠⰔⰍⰟ","1424"
"cv","Chuvash","чӑвашла","59077"
"cy","Welsh","Cymraeg","284248"
"da","Danish","dansk","314746"
"dag","Dagbani","dagbanli","14186"
"de","German","Deutsch","3132758"
"dga","Southern Dagaare","Dagaare","3357"
"din","Dinka","Thuɔŋjäŋ","337"
"diq","Dimli","Zazaki","42672"
"dsb","Lower Sorbian","dolnoserbski","3444"
"dtp","Central Dusun","Kadazandusun","1834"
"dty","Doteli","डोटेली","3735"
"dv","Divehi","ދިވެހިބަސް","3218"
"dz","Dzongkha","ཇོང་ཁ","382"
"ee","Ewe","eʋegbe","1352"
"el","Greek","Ελληνικά","270695"
"eml","Emiliano-Romagnolo","emiliàn e rumagnòl","14159"
"en","English","English","7203593"
"eo","Esperanto","Esperanto","387163"
"es","Spanish","español","2122720"
"et","Estonian","eesti","260618"
"eu","Basque","euskara","491480"
"ext","Extremaduran","estremeñu","4239"
"fa","Persian","فارسی","1078660"
"fat","Fanti","mfantse","1795"
"ff","Fula","Fulfulde","20356"
"fi","Finnish","suomi","620924"
"fj","Fijian","Na Vosa Vakaviti","1725"
"fo","Faroese","føroyskt","14218"
"fon","Fon","fɔ̀ngbè","4302"
"fr","French","français","2767289"
"frp","Arpitan","arpetan","5830"
"frr","Northern Frisian","Nordfriisk","21280"
"fur","Friulian","furlan","5065"
"fy","Western Frisian","Frysk","60290"
"ga","Irish","Gaeilge","64149"
"gag","Gagauz","Gagauz","3007"
"gan","Gan","贛語","6816"
"gcr","Guianan Creole","kriyòl gwiyannen","1077"
"gd","Scottish Gaelic","Gàidhlig","16058"
"gl","Galician","galego","232239"
"glk","Gilaki","گیلکی","48313"
"gn","Guarani","Avañe'ẽ","6032"
"gom","Goan Konkani","गोंयची कोंकणी / Gõychi Konknni","3643"
"gor","Gorontalo","Bahasa Hulontalo","15117"
"got","Gothic","𐌲𐌿𐍄𐌹𐍃𐌺","1011"
"gpe","Ghanaian Pidgin","Ghanaian Pidgin","5465"
"gsw","Alemannic","Alemannisch","31714"
"gu","Gujarati","ગુજરાતી","30845"
"guc","Wayuu","wayuunaiki","702"
"gur","Frafra","farefare","1372"
"guw","Gun","gungbe","1693"
"gv","Manx","Gaelg","7109"
"ha","Hausa","Hausa","105537"
"hak","Hakka Chinese","客家語 / Hak-kâ-ngî","10436"
"haw","Hawaiian","Hawaiʻi","2897"
"he","Hebrew","עברית","399820"
"hi","Hindi","हिन्दी","170450"
"hif","Fiji Hindi","Fiji Hindi","12340"
"ho","Hiri Motu","Hiri Motu","3"
"hr","Croatian","hrvatski","233898"
"hsb","Upper Sorbian","hornjoserbsce","14262"
"ht","Haitian Creole","Kreyòl ayisyen","71952"
"hu","Hungarian","magyar","570674"
"hy","Armenian","հայերեն","329102"
"hyw","Western Armenian","Արեւմտահայերէն","13932"
"ia","Interlingua","interlingua","30462"
"iba","Iban","Jaku Iban","2467"
"id","Indonesian","Bahasa Indonesia","782418"
"ie","Interlingue","Interlingue","13678"
"ig","Igbo","Igbo","47336"
"igl","Igala","Igala","1510"
"ii","Sichuan Yi","ꆇꉙ","3"
"ik","Inupiaq","Iñupiatun","595"
"ilo","Iloko","Ilokano","15513"
"inh","Ingush","гӀалгӀай","2547"
"io","Ido","Ido","62575"
"is","Icelandic","íslenska","61106"
"isv","medžuslovjansky","medžuslovjansky","1409"
"it","Italian","italiano","1976033"
"iu","Inuktitut","ᐃᓄᒃᑎᑐᑦ / inuktitut","434"
"ja","Japanese","日本語","1508153"
"jam","Jamaican Creole English","Patois","1719"
"jbo","Lojban","la .lojban.","1353"
"jv","Javanese","Jawa","75295"
"ka","Georgian","ქართული","196690"
"kaa","Kara-Kalpak","Qaraqalpaqsha","13245"
"kab","Kabyle","Taqbaylit","7143"
"kai","Karekare","Karai-karai","1639"
"kaj","Jju","Jju","301"
"kbd","Kabardian","адыгэбзэ","1669"
"kbp","Kabiye","Kabɩyɛ","1714"
"kcg","Tyap","Tyap","1806"
"kg","Kongo","Kongo","1949"
"kge","Komering","Kumoring","2906"
"ki","Kikuyu","Gĩkũyũ","2457"
"kj","Kuanyama","Kwanyama","4"
"kk","Kazakh","қазақша","244157"
"km","Khmer","ភាសាខ្មែរ","12137"
"kn","Kannada","ಕನ್ನಡ","35216"
"knc","Central Kanuri","Yerwa Kanuri","1852"
"ko","Korean","한국어","752181"
"koi","Komi-Permyak","перем коми","3472"
"krc","Karachay-Balkar","къарачай-малкъар","2847"
"ks","Kashmiri","کٲشُر","11040"
"ksh","Colognian","Ripoarisch","3038"
"ku","Kurdish","kurdî","91891"
"kus","Kusaal","Kʋsaal","1358"
"kv","Komi","коми","5818"
"kw","Cornish","kernowek","7204"
"ky","Kyrgyz","кыргызча","76486"
"la","Latin","Latina","141922"
"lad","Ladino","Ladino","4063"
"lb","Luxembourgish","Lëtzebuergesch","67414"
"lbe","Lak","лакку","1069"
"lez","Lezghian","лезги","4476"
"lfn","Lingua Franca Nova","Lingua Franca Nova","4642"
"lg","Ganda","Luganda","5560"
"li","Limburgish","Limburgs","15214"
"lij","Ligurian","Ligure","11547"
"lld","Ladin","Ladin","183202"
"lmo","Lombard","lombard","80155"
"ln","Lingala","lingála","5214"
"lo","Lao","ລາວ","5555"
"lrc","Northern Luri","لۊری شومالی","1"
"lt","Lithuanian","lietuvių","226168"
"ltg","Latgalian","latgaļu","1153"
"lv","Latvian","latviešu","144158"
"lzh","Literary Chinese","文言","14085"
"mad","Madurese","Madhurâ","5353"
"mag","Magahi","मगही","1"
"mai","Maithili","मैथिली","14353"
"map-bms","Banyumasan","Basa Banyumasan","13972"
"mdf","Moksha","мокшень","7629"
"mg","Malagasy","Malagasy","103655"
"mh","Marshallese","Ebon","4"
"mhr","Eastern Mari","олык марий","11326"
"mi","Māori","Māori","8053"
"min","Minangkabau","Minangkabau","229624"
"mk","Macedonian","македонски","162794"
"ml","Malayalam","മലയാളം","88152"
"mn","Mongolian","монгол","27752"
"mni","Manipuri","ꯃꯤꯇꯩ ꯂꯣꯟ","10543"
"mnw","Mon","ဘာသာမန်","3883"
"mos","Mossi","moore","1319"
"mr","Marathi","मराठी","102229"
"mrj","Western Mari","кырык мары","10430"
"ms","Malay","Bahasa Melayu","439471"
"mt","Maltese","Malti","7885"
"mus","Muscogee","Mvskoke","1"
"mwl","Mirandese","Mirandés","4325"
"my","Burmese","မြန်မာဘာသာ","111072"
"myv","Erzya","эрзянь","7870"
"mzn","Mazanderani","مازِرونی","64665"
"nah","Nahuatl","Nāhuatl","4128"
"nan","Minnan","閩南語 / Bân-lâm-gí","434276"
"nap","Neapolitan","Napulitano","14960"
"nds","Low German","Plattdüütsch","85905"
"nds-nl","Low Saxon","Nedersaksies","8103"
"ne","Nepali","नेपाली","29863"
"new","Newari","नेपाल भाषा","74209"
"ng","Ndonga","Oshiwambo","8"
"nia","Nias","Li Niha","1776"
"nl","Dutch","Nederlands","2222090"
"nn","Norwegian Nynorsk","norsk nynorsk","178087"
"no","Norwegian","norsk","685956"
"nov","Novial","Novial","2071"
"nqo","N’Ko","ߒߞߏ","1611"
"nr","South Ndebele","isiNdebele seSewula","325"
"nrm","Norman","Nouormand","5061"
"nso","Northern Sotho","Sesotho sa Leboa","8935"
"nup","Nupe","Nupe","931"
"nv","Navajo","Diné bizaad","22667"
"ny","Nyanja","Chi-Chewa","1124"
"oc","Occitan","occitan","90795"
"olo","Livvi-Karelian","livvinkarjala","4997"
"om","Oromo","Oromoo","1979"
"or","Odia","ଓଡ଼ିଆ","20941"
"os","Ossetic","ирон","21748"
"pa","Punjabi","ਪੰਜਾਬੀ","59604"
"pag","Pangasinan","Pangasinan","2653"
"pam","Pampanga","Kapampangan","10219"
"pap","Papiamento","Papiamentu","5541"
"pcd","Picard","Picard","6123"
"pcm","Nigerian Pidgin","Naijá","1639"
"pdc","Pennsylvania German","Deitsch","2048"
"pfl","Palatine German","Pälzisch","2863"
"pi","Pali","पालि","302"
"pl","Polish","polski","1700019"
"pms","Piedmontese","Piemontèis","71534"
"pnb","Western Punjabi","پنجابی","75595"
"pnt","Pontic","Ποντιακά","666"
"ppl","Nawat","Nawat","252"
"ps","Pashto","پښتو","21319"
"pt","Portuguese","português","1176401"
"pwn","Paiwan","pinayuanan","377"
"qu","Quechua","Runa Simi","24551"
"rki","Arakanese","ရခိုင်","1387"
"rm","Romansh","rumantsch","3867"
"rmy","Vlax Romani","romani čhib","758"
"rn","Rundi","ikirundi","730"
"ro","Romanian","română","545311"
"roa-tara","Tarantino","tarandíne","9507"
"rsk","Pannonian Rusyn","руски","1389"
"ru","Russian","русский","2107669"
"rue","Rusyn","русиньскый","10263"
"rup","Aromanian","armãneashti","1390"
"rw","Kinyarwanda","Ikinyarwanda","9821"
"sa","Sanskrit","संस्कृतम्","12508"
"sah","Yakut","саха тыла","18208"
"sat","Santali","ᱥᱟᱱᱛᱟᱲᱤ","15314"
"sc","Sardinian","sardu","7818"
"scn","Sicilian","sicilianu","26307"
"sco","Scots","Scots","34216"
"sd","Sindhi","سنڌي","21915"
"se","Northern Sami","davvisámegiella","7907"
"sg","Sango","Sängö","375"
"sgs","Samogitian","žemaitėška","17276"
"sh","Serbo-Croatian","srpskohrvatski / српскохрватски","461817"
"shi","Tachelhit","Taclḥit","10890"
"shn","Shan","တႆး","15920"
"si","Sinhala","සිංහල","25589"
"simple","Simple English","Simple English","282759"
"sk","Slovak","slovenčina","260301"
"skr","Saraiki","سرائیکی","24645"
"sl","Slovenian","slovenščina","198159"
"sm","Samoan","Gagana Samoa","1208"
"smn","Inari Sami","anarâškielâ","6702"
"sn","Shona","chiShona","11702"
"so","Somali","Soomaaliga","11246"
"sq","Albanian","shqip","105980"
"sr","Serbian","српски / srpski","705942"
"srn","Sranan Tongo","Sranantongo","1132"
"ss","Swati","SiSwati","1153"
"st","Southern Sotho","Sesotho","1894"
"stq","Saterland Frisian","Seeltersk","4188"
"su","Sundanese","Sunda","62936"
"sv","Swedish","svenska","2626375"
"sw","Swahili","Kiswahili","120877"
"syl","Sylheti","ꠍꠤꠟꠐꠤ","1230"
"szl","Silesian","ślůnski","60735"
"szy","Sakizaya","Sakizaya","2741"
"ta","Tamil","தமிழ்","187049"
"tay","Atayal","Tayal","2581"
"tcy","Tulu","ತುಳು","3622"
"tdd","Tai Nuea","ᥖᥭᥰ ᥖᥬᥲ ᥑᥨᥒᥰ","449"
"te","Telugu","తెలుగు","125204"
"tet","Tetum","tetun","1516"
"tg","Tajik","тоҷикӣ","118560"
"th","Thai","ไทย","184450"
"ti","Tigrinya","ትግርኛ","365"
"tig","Tigre","ትግሬ","62"
"tk","Turkmen","Türkmençe","7199"
"tl","Tagalog","Tagalog","49152"
"tly","Talysh","tolışi","10145"
"tn","Tswana","Setswana","5021"
"to","Tongan","lea faka-Tonga","2047"
"tok","Toki Pona","toki pona","4376"
"tpi","Tok Pisin","Tok Pisin","1415"
"tr","Turkish","Türkçe","688368"
"trv","Taroko","Seediq","1201"
"ts","Tsonga","Xitsonga","1087"
"tt","Tatar","татарча / tatarça","708879"
"tum","Tumbuka","chiTumbuka","19192"
"tw","Twi","Twi","4736"
"ty","Tahitian","reo tahiti","1252"
"tyv","Tuvinian","тыва дыл","4128"
"udm","Udmurt","удмурт","5916"
"ug","Uyghur","ئۇيغۇرچە / Uyghurche","9723"
"uk","Ukrainian","українська","1426492"
"ur","Urdu","اردو","640939"
"uz","Uzbek","oʻzbekcha / ўзбекча","347788"
"ve","Venda","Tshivenda","900"
"vec","Venetian","vèneto","69614"
"vep","Veps","vepsän kel’","7111"
"vi","Vietnamese","Tiếng Việt","1302919"
"vls","West Flemish","West-Vlams","8352"
"vo","Volapük","Volapük","52471"
"vro","Võro","võro","6920"
"wa","Walloon","walon","12962"
"war","Waray","Winaray","1266914"
"wo","Wolof","Wolof","1743"
"wuu","Wu","吴语","48251"
"xal","Kalmyk","хальмг","1575"
"xh","Xhosa","isiXhosa","2421"
"xmf","Mingrelian","მარგალური","22391"
"yi","Yiddish","ייִדיש","15735"
"yo","Yoruba","Yorùbá","37585"
"yue","Cantonese","粵語","150570"
"za","Zhuang","Vahcuengh","3018"
"zea","Zeelandic","Zeêuws","7373"
"zgh","Standard Moroccan Tamazight","ⵜⴰⵎⴰⵣⵉⵖⵜ ⵜⴰⵏⴰⵡⴰⵢⵜ","12238"
"zh","Chinese","中文","1541868"
"zu","Zulu","isiZulu","12382"
